"str","repeat_length","str_length","exon","as_id","splice_type","bp_overlap","as_length","max_str_start_loc","start","start_as","str_overlap_start","str_overlap_end","symbol","count"
"TTCCTC",6,18,7.1,158,"AA",18,710,693,1326739,1326246,NA,NA,"CCNL2",7
"CAAAAA",6,18,18.1,15762,"AA",18,1213,1196,47493513,47492442,NA,NA,"CELF1",7
"CAAAAA",6,18,18.1,15763,"AA",18,1213,1196,47493513,47492442,NA,NA,"CELF1",7
"TGTTTT",6,18,14.1,31109,"AA",18,5905,5888,64463345,64458280,NA,NA,"CSNK1G1",7
"TGGAGC",6,18,2.4,36935,"AA",18,664,647,67197359,67196751,NA,NA,"FBXL8",7
"GCCTGG",6,18,4.5,37266,"AA",18,1581,1564,69153954,69152429,NA,NA,"CHTF8",7
"ATAGCC",6,24,4.1,48083,"AA",24,58,35,15514495,15514469,NA,NA,"AKAP8L",7
"CCAGCC",6,36,1,3817,"AP",31,137,0.226277372262774,95285893,95285898,95285893,NA,"SLC44A3",10
"CCACCG",6,30,1,8738,"AP",4,509,0.00785854616895874,162039538,162039564,162039538,NA,"NOS1AP",10
"TCCT",4,12,1.2,53699,"RI",6,550,0.0109090909090909,61764717,61764723,61764717,NA,"XPO1",3
"CCTCGC",6,18,2.1,57612,"AP",18,119,0.848739495798319,220041671,220041570,NA,220041688,"CNPPD1",10
"CCCCCG",6,30,1,58079,"AP",2,198,0.0101010101010101,235860589,235860617,235860589,NA,"SH3BP4",10
"GCCGGG",6,18,1,58128,"AP",9,165,0.0545454545454545,238536210,238536219,238536210,NA,"LRRFIP1",10
"TGC",3,45,15,63672,"AT",41,4296,0.990456238361266,18391134,18386879,NA,18391178,"SATB1",9
"ATA",3,12,32.2,66035,"AT",11,484,0.977272727272727,108410224,108409751,NA,108410235,"DZIP3",9
"CTG",3,12,9,80368,"AT",5,39,0.871794871794872,89867447,89867413,NA,89867458,"STEAP2",9
"AAT",3,12,6,86528,"AT",11,1602,0.993133583021223,71689119,71687528,NA,71689130,"FXN",9
"AAC",3,12,4.2,87485,"AT",2,141,0.0141843971631206,125652440,125652450,125652440,NA,"RC3H2",9
"CCTCCC",6,18,1,87588,"AP",18,309,0.058252427184466,128509624,128509624,128509624,NA,"PBX3",10
"GCAGGC",6,18,1,10688,"AP",17,207,0.0821256038647343,6130949,6130950,6130949,NA,"RBM17",10
"GGGT",4,20,3.2,16784,"RI",18,113,0.15929203539823,64893083,64893085,64893083,NA,"MRPL49",3
"TAT",3,12,5.2,17870,"AT",11,259,0.957528957528958,75280465,75280217,NA,75280476,"SERPINH1",9
"ATC",3,15,21,18333,"AT",15,453,0.966887417218543,94153333,94152895,NA,94153347,"MRE11A",9
"AACACA",6,36,1.1,23364,"AP",30,241,0.12448132780083,70636771,70636777,70636771,NA,"CNOT2",10
"AAACAA",6,24,4.1,36528,"AP",7,12,0.416666666666667,57207787,57207782,NA,57207810,"FAM192A",10
"GCG",3,24,9,38995,"AT",23,346,0.933526011560694,7496085,7495762,NA,7496108,"MPDU1",9
"AAT",3,18,11,44016,"AT",17,688,0.975290697674419,78040553,78039882,NA,78040570,"CCDC40",9
"CAGC",4,12,1.4,44278,"RI",9,116,0.0775862068965517,80010132,80010135,80010132,NA,"GPS1",3
"ACCGGA",6,18,1,47888,"AP",10,276,0.036231884057971,13044568,13044576,13044568,NA,"FARSA",10
